,train_loss,validation_loss
0,0.5675397824195777,0.2525493087878813
1,0.12731389032038871,0.11757598977413296
2,0.04174007689615179,0.10724452875698667
3,0.036215498425670796,0.09947235683716722
4,0.03407069798556085,0.04901317984584476
5,0.028407606517313406,0.05085797742743979
6,0.02463147253934431,0.05355598380801144
7,0.02166220208252195,0.06685226342862334
8,0.019363749422037658,0.0476805276303645
9,0.018028144122353273,0.037450395330960964
